loss,accuracy,timestamp,checkpoint_dir_name,done,training_iteration,trial_id,date,time_this_iter_s,time_total_s,pid,hostname,node_ip,time_since_restore,iterations_since_restore
0.19314652750658434,0.3857566765578635,1743862187,,False,1,233a2_00003,2025-04-05_16-09-47,5.919559955596924,5.919559955596924,34234,MacBook-Pro-8,127.0.0.1,5.919559955596924,1
0.1903019329143125,0.3916913946587537,1743862191,,False,2,233a2_00003,2025-04-05_16-09-51,4.321259021759033,10.240818977355957,34234,MacBook-Pro-8,127.0.0.1,10.240818977355957,2
0.1870940615271413,0.39465875370919884,1743862195,,False,3,233a2_00003,2025-04-05_16-09-55,4.283421993255615,14.524240970611572,34234,MacBook-Pro-8,127.0.0.1,14.524240970611572,3
0.18438657043978227,0.3916913946587537,1743862199,,False,4,233a2_00003,2025-04-05_16-09-59,4.036953926086426,18.561194896697998,34234,MacBook-Pro-8,127.0.0.1,18.561194896697998,4
0.17822377002516457,0.40059347181008903,1743862202,,False,5,233a2_00003,2025-04-05_16-10-02,2.816478967666626,21.377673864364624,34234,MacBook-Pro-8,127.0.0.1,21.377673864364624,5
0.16952822236127632,0.41543026706231456,1743862205,,False,6,233a2_00003,2025-04-05_16-10-05,3.009539842605591,24.387213706970215,34234,MacBook-Pro-8,127.0.0.1,24.387213706970215,6
0.16325944263574688,0.4391691394658754,1743862208,,False,7,233a2_00003,2025-04-05_16-10-08,3.1476948261260986,27.534908533096313,34234,MacBook-Pro-8,127.0.0.1,27.534908533096313,7
0.1626684255031652,0.42433234421364985,1743862211,,False,8,233a2_00003,2025-04-05_16-10-11,3.1394479274749756,30.67435646057129,34234,MacBook-Pro-8,127.0.0.1,30.67435646057129,8
0.15994597278362097,0.43026706231454004,1743862214,,False,9,233a2_00003,2025-04-05_16-10-14,3.1379237174987793,33.81228017807007,34234,MacBook-Pro-8,127.0.0.1,33.81228017807007,9
0.15812376193528951,0.43026706231454004,1743862218,,False,10,233a2_00003,2025-04-05_16-10-18,3.1384599208831787,36.95074009895325,34234,MacBook-Pro-8,127.0.0.1,36.95074009895325,10
0.15526810427044713,0.456973293768546,1743862221,,False,11,233a2_00003,2025-04-05_16-10-21,3.1358461380004883,40.086586236953735,34234,MacBook-Pro-8,127.0.0.1,40.086586236953735,11
0.15402561114277952,0.4629080118694362,1743862224,,False,12,233a2_00003,2025-04-05_16-10-24,3.145686149597168,43.2322723865509,34234,MacBook-Pro-8,127.0.0.1,43.2322723865509,12
0.15085277065288188,0.486646884272997,1743862227,,False,13,233a2_00003,2025-04-05_16-10-27,3.1389060020446777,46.37117838859558,34234,MacBook-Pro-8,127.0.0.1,46.37117838859558,13
0.1463696405638096,0.5252225519287834,1743862230,,False,14,233a2_00003,2025-04-05_16-10-30,3.1370558738708496,49.50823426246643,34234,MacBook-Pro-8,127.0.0.1,49.50823426246643,14
0.14664641386547753,0.49851632047477745,1743862233,,False,15,233a2_00003,2025-04-05_16-10-33,3.1393887996673584,52.64762306213379,34234,MacBook-Pro-8,127.0.0.1,52.64762306213379,15
0.14621582609969516,0.5044510385756676,1743862236,,False,16,233a2_00003,2025-04-05_16-10-36,3.140961170196533,55.78858423233032,34234,MacBook-Pro-8,127.0.0.1,55.78858423233032,16
0.1437468362409015,0.5103857566765578,1743862240,,False,17,233a2_00003,2025-04-05_16-10-40,3.144465923309326,58.93305015563965,34234,MacBook-Pro-8,127.0.0.1,58.93305015563965,17
0.14479764793501343,0.5192878338278932,1743862243,,False,18,233a2_00003,2025-04-05_16-10-43,3.136121988296509,62.06917214393616,34234,MacBook-Pro-8,127.0.0.1,62.06917214393616,18
0.1409890161350716,0.543026706231454,1743862246,,False,19,233a2_00003,2025-04-05_16-10-46,3.1367270946502686,65.20589923858643,34234,MacBook-Pro-8,127.0.0.1,65.20589923858643,19
0.1410782082482826,0.543026706231454,1743862249,,False,20,233a2_00003,2025-04-05_16-10-49,3.137787103652954,68.34368634223938,34234,MacBook-Pro-8,127.0.0.1,68.34368634223938,20
0.13826680685891662,0.5578635014836796,1743862252,,False,21,233a2_00003,2025-04-05_16-10-52,3.1372270584106445,71.48091340065002,34234,MacBook-Pro-8,127.0.0.1,71.48091340065002,21
0.1353522528742635,0.5786350148367952,1743862255,,False,22,233a2_00003,2025-04-05_16-10-55,3.145838975906372,74.6267523765564,34234,MacBook-Pro-8,127.0.0.1,74.6267523765564,22
0.1356720683533092,0.599406528189911,1743862258,,False,23,233a2_00003,2025-04-05_16-10-58,3.1417081356048584,77.76846051216125,34234,MacBook-Pro-8,127.0.0.1,77.76846051216125,23
0.13365550755068314,0.599406528189911,1743862262,,False,24,233a2_00003,2025-04-05_16-11-02,3.1371958255767822,80.90565633773804,34234,MacBook-Pro-8,127.0.0.1,80.90565633773804,24
0.13473069702470025,0.5964391691394659,1743862265,,False,25,233a2_00003,2025-04-05_16-11-05,3.14040207862854,84.04605841636658,34234,MacBook-Pro-8,127.0.0.1,84.04605841636658,25
0.1297480807921221,0.599406528189911,1743862268,,False,26,233a2_00003,2025-04-05_16-11-08,3.136353015899658,87.18241143226624,34234,MacBook-Pro-8,127.0.0.1,87.18241143226624,26
0.13369443614122478,0.6023738872403561,1743862271,,False,27,233a2_00003,2025-04-05_16-11-11,3.144881010055542,90.32729244232178,34234,MacBook-Pro-8,127.0.0.1,90.32729244232178,27
0.13176725250343943,0.6112759643916914,1743862274,,False,28,233a2_00003,2025-04-05_16-11-14,3.1400671005249023,93.46735954284668,34234,MacBook-Pro-8,127.0.0.1,93.46735954284668,28
0.1328563133991042,0.6023738872403561,1743862277,,False,29,233a2_00003,2025-04-05_16-11-17,3.1399738788604736,96.60733342170715,34234,MacBook-Pro-8,127.0.0.1,96.60733342170715,29
0.12687952123409094,0.6053412462908012,1743862280,,False,30,233a2_00003,2025-04-05_16-11-20,3.1413588523864746,99.74869227409363,34234,MacBook-Pro-8,127.0.0.1,99.74869227409363,30
0.1291119219778582,0.6053412462908012,1743862284,,False,31,233a2_00003,2025-04-05_16-11-24,3.164201021194458,102.91289329528809,34234,MacBook-Pro-8,127.0.0.1,102.91289329528809,31
0.12751062664874765,0.629080118694362,1743862287,,False,32,233a2_00003,2025-04-05_16-11-27,3.142611026763916,106.055504322052,34234,MacBook-Pro-8,127.0.0.1,106.055504322052,32
0.12433899731137031,0.629080118694362,1743862290,,False,33,233a2_00003,2025-04-05_16-11-30,3.1370155811309814,109.19251990318298,34234,MacBook-Pro-8,127.0.0.1,109.19251990318298,33
0.12599434972155926,0.6201780415430267,1743862293,,False,34,233a2_00003,2025-04-05_16-11-33,3.1388096809387207,112.3313295841217,34234,MacBook-Pro-8,127.0.0.1,112.3313295841217,34
0.12576433063246484,0.6320474777448071,1743862296,,False,35,233a2_00003,2025-04-05_16-11-36,3.1378231048583984,115.4691526889801,34234,MacBook-Pro-8,127.0.0.1,115.4691526889801,35
0.12432090556898782,0.6320474777448071,1743862299,,False,36,233a2_00003,2025-04-05_16-11-39,3.1357600688934326,118.60491275787354,34234,MacBook-Pro-8,127.0.0.1,118.60491275787354,36
0.12439300423098165,0.6409495548961425,1743862302,,False,37,233a2_00003,2025-04-05_16-11-42,3.1447460651397705,121.7496588230133,34234,MacBook-Pro-8,127.0.0.1,121.7496588230133,37
0.12395110700366109,0.6498516320474778,1743862306,,False,38,233a2_00003,2025-04-05_16-11-46,3.1452903747558594,124.89494919776917,34234,MacBook-Pro-8,127.0.0.1,124.89494919776917,38
0.11965064175946769,0.6439169139465876,1743862309,,False,39,233a2_00003,2025-04-05_16-11-49,3.1375272274017334,128.0324764251709,34234,MacBook-Pro-8,127.0.0.1,128.0324764251709,39
0.11844709428936936,0.6439169139465876,1743862312,,False,40,233a2_00003,2025-04-05_16-11-52,3.1373069286346436,131.16978335380554,34234,MacBook-Pro-8,127.0.0.1,131.16978335380554,40
0.12036733000084411,0.6528189910979229,1743862315,,False,41,233a2_00003,2025-04-05_16-11-55,3.142874002456665,134.3126573562622,34234,MacBook-Pro-8,127.0.0.1,134.3126573562622,41
0.11680367311765981,0.6498516320474778,1743862318,,False,42,233a2_00003,2025-04-05_16-11-58,3.1516239643096924,137.4642813205719,34234,MacBook-Pro-8,127.0.0.1,137.4642813205719,42
0.11578264113428981,0.6439169139465876,1743862321,,False,43,233a2_00003,2025-04-05_16-12-01,3.1400551795959473,140.60433650016785,34234,MacBook-Pro-8,127.0.0.1,140.60433650016785,43
0.11682280889430711,0.6498516320474778,1743862324,,False,44,233a2_00003,2025-04-05_16-12-04,3.140705108642578,143.74504160881042,34234,MacBook-Pro-8,127.0.0.1,143.74504160881042,44
0.11874600950368615,0.6617210682492581,1743862328,,False,45,233a2_00003,2025-04-05_16-12-08,3.138911008834839,146.88395261764526,34234,MacBook-Pro-8,127.0.0.1,146.88395261764526,45
0.11249603053858113,0.6676557863501483,1743862331,,False,46,233a2_00003,2025-04-05_16-12-11,3.1384267807006836,150.02237939834595,34234,MacBook-Pro-8,127.0.0.1,150.02237939834595,46
0.11150616372740546,0.6706231454005934,1743862334,,False,47,233a2_00003,2025-04-05_16-12-14,3.144895076751709,153.16727447509766,34234,MacBook-Pro-8,127.0.0.1,153.16727447509766,47
0.11258991053977678,0.6676557863501483,1743862337,,False,48,233a2_00003,2025-04-05_16-12-17,3.1306958198547363,156.2979702949524,34234,MacBook-Pro-8,127.0.0.1,156.2979702949524,48
0.11356074098757533,0.658753709198813,1743862340,,False,49,233a2_00003,2025-04-05_16-12-20,3.139467716217041,159.43743801116943,34234,MacBook-Pro-8,127.0.0.1,159.43743801116943,49
0.11329813301563263,0.6795252225519288,1743862343,,False,50,233a2_00003,2025-04-05_16-12-23,3.1393861770629883,162.57682418823242,34234,MacBook-Pro-8,127.0.0.1,162.57682418823242,50
0.11333698805334956,0.6617210682492581,1743862346,,False,51,233a2_00003,2025-04-05_16-12-26,3.1403090953826904,165.7171332836151,34234,MacBook-Pro-8,127.0.0.1,165.7171332836151,51
0.11256571148717126,0.6498516320474778,1743862350,,False,52,233a2_00003,2025-04-05_16-12-30,3.1382198333740234,168.85535311698914,34234,MacBook-Pro-8,127.0.0.1,168.85535311698914,52
0.11206076788001282,0.6735905044510386,1743862353,,False,53,233a2_00003,2025-04-05_16-12-33,3.1433229446411133,171.99867606163025,34234,MacBook-Pro-8,127.0.0.1,171.99867606163025,53
0.10915550251686296,0.6617210682492581,1743862356,,False,54,233a2_00003,2025-04-05_16-12-36,3.136120080947876,175.13479614257812,34234,MacBook-Pro-8,127.0.0.1,175.13479614257812,54
0.11066654203243034,0.6706231454005934,1743862359,,False,55,233a2_00003,2025-04-05_16-12-39,3.1371729373931885,178.2719690799713,34234,MacBook-Pro-8,127.0.0.1,178.2719690799713,55
0.11004076235342858,0.6646884272997032,1743862362,,False,56,233a2_00003,2025-04-05_16-12-42,3.1380398273468018,181.41000890731812,34234,MacBook-Pro-8,127.0.0.1,181.41000890731812,56
0.11052438660069953,0.6646884272997032,1743862365,,False,57,233a2_00003,2025-04-05_16-12-45,3.1396780014038086,184.54968690872192,34234,MacBook-Pro-8,127.0.0.1,184.54968690872192,57
0.10739536002971405,0.6646884272997032,1743862368,,False,58,233a2_00003,2025-04-05_16-12-48,3.145723819732666,187.6954107284546,34234,MacBook-Pro-8,127.0.0.1,187.6954107284546,58
0.10580150596797466,0.6765578635014837,1743862371,,False,59,233a2_00003,2025-04-05_16-12-51,2.94726300239563,190.64267373085022,34234,MacBook-Pro-8,127.0.0.1,190.64267373085022,59
0.10867278416489445,0.6706231454005934,1743862374,,False,60,233a2_00003,2025-04-05_16-12-54,2.894460916519165,193.53713464736938,34234,MacBook-Pro-8,127.0.0.1,193.53713464736938,60
0.10842215183169343,0.6706231454005934,1743862379,,False,61,233a2_00003,2025-04-05_16-12-59,5.19045615196228,198.72759079933167,34234,MacBook-Pro-8,127.0.0.1,198.72759079933167,61
0.10510557954914349,0.6706231454005934,1743862385,,False,62,233a2_00003,2025-04-05_16-13-05,5.686944961547852,204.41453576087952,34234,MacBook-Pro-8,127.0.0.1,204.41453576087952,62
0.10564235034723614,0.6824925816023739,1743862391,,False,63,233a2_00003,2025-04-05_16-13-11,5.7804460525512695,210.1949818134308,34234,MacBook-Pro-8,127.0.0.1,210.1949818134308,63
0.10667068242680194,0.6735905044510386,1743862397,,False,64,233a2_00003,2025-04-05_16-13-17,5.907681941986084,216.10266375541687,34234,MacBook-Pro-8,127.0.0.1,216.10266375541687,64
0.10293051951326603,0.6735905044510386,1743862403,,False,65,233a2_00003,2025-04-05_16-13-23,5.835744142532349,221.93840789794922,34234,MacBook-Pro-8,127.0.0.1,221.93840789794922,65
0.10378107324589131,0.6824925816023739,1743862408,,False,66,233a2_00003,2025-04-05_16-13-28,5.786351203918457,227.72475910186768,34234,MacBook-Pro-8,127.0.0.1,227.72475910186768,66
0.10325048482695291,0.6913946587537092,1743862414,,False,67,233a2_00003,2025-04-05_16-13-34,5.831669807434082,233.55642890930176,34234,MacBook-Pro-8,127.0.0.1,233.55642890930176,67
0.10457975850548855,0.6824925816023739,1743862420,,False,68,233a2_00003,2025-04-05_16-13-40,5.625359058380127,239.18178796768188,34234,MacBook-Pro-8,127.0.0.1,239.18178796768188,68
0.10245347217938235,0.6676557863501483,1743862426,,False,69,233a2_00003,2025-04-05_16-13-46,5.690831661224365,244.87261962890625,34234,MacBook-Pro-8,127.0.0.1,244.87261962890625,69
0.10004643485123335,0.6884272997032641,1743862431,,False,70,233a2_00003,2025-04-05_16-13-51,5.774527072906494,250.64714670181274,34234,MacBook-Pro-8,127.0.0.1,250.64714670181274,70
0.10120263513784077,0.6884272997032641,1743862437,,False,71,233a2_00003,2025-04-05_16-13-57,5.85332727432251,256.50047397613525,34234,MacBook-Pro-8,127.0.0.1,256.50047397613525,71
0.09781591429613358,0.7002967359050445,1743862443,,False,72,233a2_00003,2025-04-05_16-14-03,5.772197961807251,262.2726719379425,34234,MacBook-Pro-8,127.0.0.1,262.2726719379425,72
0.09929725969600123,0.7002967359050445,1743862449,,False,73,233a2_00003,2025-04-05_16-14-09,5.846764087677002,268.1194360256195,34234,MacBook-Pro-8,127.0.0.1,268.1194360256195,73
0.1013856825180525,0.6795252225519288,1743862455,,False,74,233a2_00003,2025-04-05_16-14-15,5.714376926422119,273.8338129520416,34234,MacBook-Pro-8,127.0.0.1,273.8338129520416,74
0.09844718028812907,0.6913946587537092,1743862460,,False,75,233a2_00003,2025-04-05_16-14-20,5.674570798873901,279.5083837509155,34234,MacBook-Pro-8,127.0.0.1,279.5083837509155,75
0.10108689205764337,0.6973293768545994,1743862466,,False,76,233a2_00003,2025-04-05_16-14-26,5.6918699741363525,285.2002537250519,34234,MacBook-Pro-8,127.0.0.1,285.2002537250519,76
0.10050359221045362,0.6973293768545994,1743862472,,False,77,233a2_00003,2025-04-05_16-14-32,5.716732025146484,290.91698575019836,34234,MacBook-Pro-8,127.0.0.1,290.91698575019836,77
0.09862171654957672,0.7062314540059347,1743862477,,False,78,233a2_00003,2025-04-05_16-14-37,5.688575029373169,296.60556077957153,34234,MacBook-Pro-8,127.0.0.1,296.60556077957153,78
0.0971323829360826,0.7062314540059347,1743862483,,False,79,233a2_00003,2025-04-05_16-14-43,5.785819053649902,302.39137983322144,34234,MacBook-Pro-8,127.0.0.1,302.39137983322144,79
0.09704252198165239,0.7091988130563798,1743862489,,False,80,233a2_00003,2025-04-05_16-14-49,5.8309431076049805,308.2223229408264,34234,MacBook-Pro-8,127.0.0.1,308.2223229408264,80
0.09670712348333625,0.7151335311572701,1743862495,,False,81,233a2_00003,2025-04-05_16-14-55,5.661370038986206,313.8836929798126,34234,MacBook-Pro-8,127.0.0.1,313.8836929798126,81
0.09715933850858101,0.7032640949554896,1743862500,,False,82,233a2_00003,2025-04-05_16-15-00,5.83856201171875,319.7222549915314,34234,MacBook-Pro-8,127.0.0.1,319.7222549915314,82
0.09616447240114212,0.6973293768545994,1743862506,,False,83,233a2_00003,2025-04-05_16-15-06,5.735572814941406,325.4578278064728,34234,MacBook-Pro-8,127.0.0.1,325.4578278064728,83
0.09430257525554923,0.6973293768545994,1743862512,,False,84,233a2_00003,2025-04-05_16-15-12,5.966318130493164,331.42414593696594,34234,MacBook-Pro-8,127.0.0.1,331.42414593696594,84
0.09261556199296962,0.6913946587537092,1743862517,,False,85,233a2_00003,2025-04-05_16-15-17,5.341929912567139,336.7660758495331,34234,MacBook-Pro-8,127.0.0.1,336.7660758495331,85
0.09468584620328836,0.7032640949554896,1743862520,,False,86,233a2_00003,2025-04-05_16-15-20,2.778909921646118,339.5449857711792,34234,MacBook-Pro-8,127.0.0.1,339.5449857711792,86
0.09160189902366594,0.7091988130563798,1743862523,,False,87,233a2_00003,2025-04-05_16-15-23,3.1052629947662354,342.65024876594543,34234,MacBook-Pro-8,127.0.0.1,342.65024876594543,87
0.09219092494526575,0.712166172106825,1743862527,,False,88,233a2_00003,2025-04-05_16-15-27,3.137732982635498,345.78798174858093,34234,MacBook-Pro-8,127.0.0.1,345.78798174858093,88
0.0956859819937584,0.7032640949554896,1743862530,,False,89,233a2_00003,2025-04-05_16-15-30,3.1313321590423584,348.9193139076233,34234,MacBook-Pro-8,127.0.0.1,348.9193139076233,89
0.09167555295104204,0.7032640949554896,1743862533,,False,90,233a2_00003,2025-04-05_16-15-33,3.1273770332336426,352.04669094085693,34234,MacBook-Pro-8,127.0.0.1,352.04669094085693,90
0.08784564168647278,0.7151335311572701,1743862536,,False,91,233a2_00003,2025-04-05_16-15-36,3.1254279613494873,355.1721189022064,34234,MacBook-Pro-8,127.0.0.1,355.1721189022064,91
0.09185973035041677,0.7062314540059347,1743862539,,False,92,233a2_00003,2025-04-05_16-15-39,3.1263842582702637,358.2985031604767,34234,MacBook-Pro-8,127.0.0.1,358.2985031604767,92
0.09406098970320335,0.7240356083086054,1743862542,,False,93,233a2_00003,2025-04-05_16-15-42,3.135068893432617,361.4335720539093,34234,MacBook-Pro-8,127.0.0.1,361.4335720539093,93
0.09517882325751491,0.7062314540059347,1743862545,,False,94,233a2_00003,2025-04-05_16-15-45,3.1216959953308105,364.5552680492401,34234,MacBook-Pro-8,127.0.0.1,364.5552680492401,94
0.09182605459246525,0.7032640949554896,1743862548,,False,95,233a2_00003,2025-04-05_16-15-48,3.1252171993255615,367.6804852485657,34234,MacBook-Pro-8,127.0.0.1,367.6804852485657,95
0.09144495384291161,0.7091988130563798,1743862552,,False,96,233a2_00003,2025-04-05_16-15-52,3.126901865005493,370.80738711357117,34234,MacBook-Pro-8,127.0.0.1,370.80738711357117,96
0.09788667120386002,0.6943620178041543,1743862555,,False,97,233a2_00003,2025-04-05_16-15-55,3.1278488636016846,373.93523597717285,34234,MacBook-Pro-8,127.0.0.1,373.93523597717285,97
0.08825388689373814,0.7062314540059347,1743862558,,False,98,233a2_00003,2025-04-05_16-15-58,3.1322669982910156,377.06750297546387,34234,MacBook-Pro-8,127.0.0.1,377.06750297546387,98
0.0884104410056458,0.7002967359050445,1743862561,,False,99,233a2_00003,2025-04-05_16-16-01,3.124708890914917,380.1922118663788,34234,MacBook-Pro-8,127.0.0.1,380.1922118663788,99
0.08743573755545672,0.7091988130563798,1743862564,,False,100,233a2_00003,2025-04-05_16-16-04,3.118837833404541,383.3110496997833,34234,MacBook-Pro-8,127.0.0.1,383.3110496997833,100
0.0895350080546598,0.7270029673590505,1743862567,,False,101,233a2_00003,2025-04-05_16-16-07,3.1249799728393555,386.4360296726227,34234,MacBook-Pro-8,127.0.0.1,386.4360296726227,101
0.0873640475924625,0.7210682492581603,1743862570,,False,102,233a2_00003,2025-04-05_16-16-10,3.12283992767334,389.558869600296,34234,MacBook-Pro-8,127.0.0.1,389.558869600296,102
0.08603854943066835,0.7210682492581603,1743862573,,False,103,233a2_00003,2025-04-05_16-16-13,3.127894878387451,392.6867644786835,34234,MacBook-Pro-8,127.0.0.1,392.6867644786835,103
0.09199384430986504,0.7240356083086054,1743862577,,False,104,233a2_00003,2025-04-05_16-16-17,3.1339409351348877,395.82070541381836,34234,MacBook-Pro-8,127.0.0.1,395.82070541381836,104
0.08595318399196447,0.7299703264094956,1743862580,,False,105,233a2_00003,2025-04-05_16-16-20,3.1241328716278076,398.94483828544617,34234,MacBook-Pro-8,127.0.0.1,398.94483828544617,105
0.08598780042903367,0.7151335311572701,1743862583,,False,106,233a2_00003,2025-04-05_16-16-23,3.127661943435669,402.07250022888184,34234,MacBook-Pro-8,127.0.0.1,402.07250022888184,106
0.08671779098898866,0.7210682492581603,1743862586,,False,107,233a2_00003,2025-04-05_16-16-26,3.122689962387085,405.1951901912689,34234,MacBook-Pro-8,127.0.0.1,405.1951901912689,107
0.08495141786718091,0.712166172106825,1743862589,,False,108,233a2_00003,2025-04-05_16-16-29,3.128089189529419,408.32327938079834,34234,MacBook-Pro-8,127.0.0.1,408.32327938079834,108
0.08238940595021081,0.7270029673590505,1743862592,,False,109,233a2_00003,2025-04-05_16-16-32,3.132823944091797,411.45610332489014,34234,MacBook-Pro-8,127.0.0.1,411.45610332489014,109
0.08482478892560615,0.7359050445103857,1743862595,,False,110,233a2_00003,2025-04-05_16-16-35,3.12467885017395,414.5807821750641,34234,MacBook-Pro-8,127.0.0.1,414.5807821750641,110
0.08314563884118269,0.744807121661721,1743862598,,False,111,233a2_00003,2025-04-05_16-16-38,3.126600980758667,417.70738315582275,34234,MacBook-Pro-8,127.0.0.1,417.70738315582275,111
0.0839178784815378,0.7299703264094956,1743862602,,False,112,233a2_00003,2025-04-05_16-16-42,3.1176977157592773,420.82508087158203,34234,MacBook-Pro-8,127.0.0.1,420.82508087158203,112
0.0830875861480139,0.7537091988130564,1743862605,,False,113,233a2_00003,2025-04-05_16-16-45,3.12620210647583,423.95128297805786,34234,MacBook-Pro-8,127.0.0.1,423.95128297805786,113
0.08197809125535017,0.7210682492581603,1743862608,,False,114,233a2_00003,2025-04-05_16-16-48,3.129089117050171,427.08037209510803,34234,MacBook-Pro-8,127.0.0.1,427.08037209510803,114
0.08104697105929602,0.7537091988130564,1743862611,,False,115,233a2_00003,2025-04-05_16-16-51,3.124619960784912,430.20499205589294,34234,MacBook-Pro-8,127.0.0.1,430.20499205589294,115
0.08415341485551624,0.7359050445103857,1743862614,,False,116,233a2_00003,2025-04-05_16-16-54,3.1258480548858643,433.3308401107788,34234,MacBook-Pro-8,127.0.0.1,433.3308401107788,116
0.0814423936224261,0.7566765578635015,1743862617,,False,117,233a2_00003,2025-04-05_16-16-57,3.1262807846069336,436.45712089538574,34234,MacBook-Pro-8,127.0.0.1,436.45712089538574,117
0.08091631183010894,0.7507418397626113,1743862620,,False,118,233a2_00003,2025-04-05_16-17-00,2.787059783935547,439.2441806793213,34234,MacBook-Pro-8,127.0.0.1,439.2441806793213,118
0.08241881222225898,0.744807121661721,1743862624,,False,119,233a2_00003,2025-04-05_16-17-04,3.5299899578094482,442.77417063713074,34234,MacBook-Pro-8,127.0.0.1,442.77417063713074,119
0.07824851446893326,0.771513353115727,1743862628,,False,120,233a2_00003,2025-04-05_16-17-08,4.477769136428833,447.25193977355957,34234,MacBook-Pro-8,127.0.0.1,447.25193977355957,120
0.07977749454940475,0.7329376854599406,1743862633,,False,121,233a2_00003,2025-04-05_16-17-13,4.487278938293457,451.739218711853,34234,MacBook-Pro-8,127.0.0.1,451.739218711853,121
0.07955434043393579,0.7507418397626113,1743862637,,False,122,233a2_00003,2025-04-05_16-17-17,4.5009119510650635,456.2401306629181,34234,MacBook-Pro-8,127.0.0.1,456.2401306629181,122
0.08204350661659657,0.7477744807121661,1743862642,,False,123,233a2_00003,2025-04-05_16-17-22,4.610976219177246,460.85110688209534,34234,MacBook-Pro-8,127.0.0.1,460.85110688209534,123
0.08345244738251664,0.7507418397626113,1743862646,,False,124,233a2_00003,2025-04-05_16-17-26,4.510157823562622,465.36126470565796,34234,MacBook-Pro-8,127.0.0.1,465.36126470565796,124
0.07993021460120069,0.7418397626112759,1743862651,,False,125,233a2_00003,2025-04-05_16-17-31,4.4747209548950195,469.835985660553,34234,MacBook-Pro-8,127.0.0.1,469.835985660553,125
0.07813053946335648,0.7507418397626113,1743862655,,False,126,233a2_00003,2025-04-05_16-17-35,4.473934173583984,474.30991983413696,34234,MacBook-Pro-8,127.0.0.1,474.30991983413696,126
0.08279347489046496,0.7596439169139466,1743862658,,False,127,233a2_00003,2025-04-05_16-17-38,3.216184139251709,477.5261039733887,34234,MacBook-Pro-8,127.0.0.1,477.5261039733887,127
0.07768578475427836,0.744807121661721,1743862661,,False,128,233a2_00003,2025-04-05_16-17-41,2.9490628242492676,480.47516679763794,34234,MacBook-Pro-8,127.0.0.1,480.47516679763794,128
0.07866241585809824,0.7596439169139466,1743862666,,False,129,233a2_00003,2025-04-05_16-17-46,4.254233121871948,484.7293999195099,34234,MacBook-Pro-8,127.0.0.1,484.7293999195099,129
0.07999528264410274,0.7596439169139466,1743862670,,False,130,233a2_00003,2025-04-05_16-17-50,4.175214052200317,488.9046139717102,34234,MacBook-Pro-8,127.0.0.1,488.9046139717102,130
0.07480489793179426,0.7537091988130564,1743862674,,False,131,233a2_00003,2025-04-05_16-17-54,4.2311248779296875,493.1357388496399,34234,MacBook-Pro-8,127.0.0.1,493.1357388496399,131
0.08098293843051028,0.7388724035608308,1743862678,,False,132,233a2_00003,2025-04-05_16-17-58,4.243820667266846,497.37955951690674,34234,MacBook-Pro-8,127.0.0.1,497.37955951690674,132
0.08204940483407226,0.7388724035608308,1743862682,,False,133,233a2_00003,2025-04-05_16-18-02,4.2625250816345215,501.64208459854126,34234,MacBook-Pro-8,127.0.0.1,501.64208459854126,133
0.07689588733537253,0.7566765578635015,1743862687,,False,134,233a2_00003,2025-04-05_16-18-07,4.2370100021362305,505.8790946006775,34234,MacBook-Pro-8,127.0.0.1,505.8790946006775,134
0.07766633942116831,0.7626112759643917,1743862691,,False,135,233a2_00003,2025-04-05_16-18-11,4.234095811843872,510.11319041252136,34234,MacBook-Pro-8,127.0.0.1,510.11319041252136,135
0.08076366756198018,0.7537091988130564,1743862695,,False,136,233a2_00003,2025-04-05_16-18-15,4.254565715789795,514.3677561283112,34234,MacBook-Pro-8,127.0.0.1,514.3677561283112,136
0.08011191010442671,0.7566765578635015,1743862699,,False,137,233a2_00003,2025-04-05_16-18-19,4.247079372406006,518.6148355007172,34234,MacBook-Pro-8,127.0.0.1,518.6148355007172,137
0.07894777279173912,0.7477744807121661,1743862704,,False,138,233a2_00003,2025-04-05_16-18-24,4.2334887981414795,522.8483242988586,34234,MacBook-Pro-8,127.0.0.1,522.8483242988586,138
0.0802424555092097,0.744807121661721,1743862708,,False,139,233a2_00003,2025-04-05_16-18-28,4.234051942825317,527.082376241684,34234,MacBook-Pro-8,127.0.0.1,527.082376241684,139
0.08132250165176946,0.744807121661721,1743862712,,False,140,233a2_00003,2025-04-05_16-18-32,4.251137971878052,531.333514213562,34234,MacBook-Pro-8,127.0.0.1,531.333514213562,140
0.08161317831078588,0.7537091988130564,1743862716,,False,141,233a2_00003,2025-04-05_16-18-36,4.240300893783569,535.5738151073456,34234,MacBook-Pro-8,127.0.0.1,535.5738151073456,141
0.08050401287889758,0.7655786350148368,1743862721,,False,142,233a2_00003,2025-04-05_16-18-41,4.225004196166992,539.7988193035126,34234,MacBook-Pro-8,127.0.0.1,539.7988193035126,142
0.08093723362355038,0.771513353115727,1743862725,,False,143,233a2_00003,2025-04-05_16-18-45,4.249495983123779,544.0483152866364,34234,MacBook-Pro-8,127.0.0.1,544.0483152866364,143
0.08295321971351324,0.7655786350148368,1743862729,,False,144,233a2_00003,2025-04-05_16-18-49,4.257267951965332,548.3055832386017,34234,MacBook-Pro-8,127.0.0.1,548.3055832386017,144
0.0839530561379222,0.7359050445103857,1743862733,,False,145,233a2_00003,2025-04-05_16-18-53,4.23525595664978,552.5408391952515,34234,MacBook-Pro-8,127.0.0.1,552.5408391952515,145
0.07942006611373535,0.7626112759643917,1743862738,,False,146,233a2_00003,2025-04-05_16-18-58,4.244891881942749,556.7857310771942,34234,MacBook-Pro-8,127.0.0.1,556.7857310771942,146
0.08362948835480871,0.7566765578635015,1743862742,,False,147,233a2_00003,2025-04-05_16-19-02,4.2649006843566895,561.0506317615509,34234,MacBook-Pro-8,127.0.0.1,561.0506317615509,147
0.08049445836479928,0.7655786350148368,1743862746,,False,148,233a2_00003,2025-04-05_16-19-06,4.2603678703308105,565.3109996318817,34234,MacBook-Pro-8,127.0.0.1,565.3109996318817,148
0.08063826289807641,0.7626112759643917,1743862750,,False,149,233a2_00003,2025-04-05_16-19-10,4.230088949203491,569.5410885810852,34234,MacBook-Pro-8,127.0.0.1,569.5410885810852,149
0.08427792170279941,0.7477744807121661,1743862755,,False,150,233a2_00003,2025-04-05_16-19-15,4.23786187171936,573.7789504528046,34234,MacBook-Pro-8,127.0.0.1,573.7789504528046,150
0.08265894070960754,0.7388724035608308,1743862759,,False,151,233a2_00003,2025-04-05_16-19-19,4.263995885848999,578.0429463386536,34234,MacBook-Pro-8,127.0.0.1,578.0429463386536,151
0.08031701368041509,0.7566765578635015,1743862763,,False,152,233a2_00003,2025-04-05_16-19-23,4.266962289810181,582.3099086284637,34234,MacBook-Pro-8,127.0.0.1,582.3099086284637,152
0.08586418650351292,0.7685459940652819,1743862767,,False,153,233a2_00003,2025-04-05_16-19-27,4.250341176986694,586.5602498054504,34234,MacBook-Pro-8,127.0.0.1,586.5602498054504,153
0.08155296607007988,0.7507418397626113,1743862772,,False,154,233a2_00003,2025-04-05_16-19-32,4.241222858428955,590.8014726638794,34234,MacBook-Pro-8,127.0.0.1,590.8014726638794,154
0.08273694190998064,0.7566765578635015,1743862776,,False,155,233a2_00003,2025-04-05_16-19-36,4.268455982208252,595.0699286460876,34234,MacBook-Pro-8,127.0.0.1,595.0699286460876,155
0.08677502047963613,0.7507418397626113,1743862780,,False,156,233a2_00003,2025-04-05_16-19-40,4.240295171737671,599.3102238178253,34234,MacBook-Pro-8,127.0.0.1,599.3102238178253,156
0.08292841339527174,0.7477744807121661,1743862784,,False,157,233a2_00003,2025-04-05_16-19-44,4.232683897018433,603.5429077148438,34234,MacBook-Pro-8,127.0.0.1,603.5429077148438,157
0.08047926051238942,0.7537091988130564,1743862789,,False,158,233a2_00003,2025-04-05_16-19-49,4.232877016067505,607.7757847309113,34234,MacBook-Pro-8,127.0.0.1,607.7757847309113,158
0.10823375241137868,0.7091988130563798,1743862793,,False,159,233a2_00003,2025-04-05_16-19-53,4.267296075820923,612.0430808067322,34234,MacBook-Pro-8,127.0.0.1,612.0430808067322,159
0.08023965581818375,0.7626112759643917,1743862797,,False,160,233a2_00003,2025-04-05_16-19-57,4.244824171066284,616.2879049777985,34234,MacBook-Pro-8,127.0.0.1,616.2879049777985,160
0.0807607650626884,0.7477744807121661,1743862801,,False,161,233a2_00003,2025-04-05_16-20-01,4.2267491817474365,620.5146541595459,34234,MacBook-Pro-8,127.0.0.1,620.5146541595459,161
0.08262521931684988,0.7537091988130564,1743862806,,False,162,233a2_00003,2025-04-05_16-20-06,4.247098207473755,624.7617523670197,34234,MacBook-Pro-8,127.0.0.1,624.7617523670197,162
0.08346400370951308,0.7655786350148368,1743862810,,False,163,233a2_00003,2025-04-05_16-20-10,4.253758907318115,629.0155112743378,34234,MacBook-Pro-8,127.0.0.1,629.0155112743378,163
0.08368425686345544,0.7477744807121661,1743862814,,False,164,233a2_00003,2025-04-05_16-20-14,4.241564750671387,633.2570760250092,34234,MacBook-Pro-8,127.0.0.1,633.2570760250092,164
0.08183050324577232,0.7566765578635015,1743862818,,False,165,233a2_00003,2025-04-05_16-20-18,4.225579023361206,637.4826550483704,34234,MacBook-Pro-8,127.0.0.1,637.4826550483704,165
0.08481430556885032,0.7626112759643917,1743862823,,False,166,233a2_00003,2025-04-05_16-20-23,4.264883995056152,641.7475390434265,34234,MacBook-Pro-8,127.0.0.1,641.7475390434265,166
0.08295744884932457,0.7626112759643917,1743862827,,False,167,233a2_00003,2025-04-05_16-20-27,4.251195192337036,645.9987342357635,34234,MacBook-Pro-8,127.0.0.1,645.9987342357635,167
0.07959531989425074,0.7596439169139466,1743862831,,False,168,233a2_00003,2025-04-05_16-20-31,4.225321054458618,650.2240552902222,34234,MacBook-Pro-8,127.0.0.1,650.2240552902222,168
0.0802824551640295,0.7566765578635015,1743862835,,False,169,233a2_00003,2025-04-05_16-20-35,4.223522186279297,654.4475774765015,34234,MacBook-Pro-8,127.0.0.1,654.4475774765015,169
0.08114335763398124,0.7537091988130564,1743862840,,False,170,233a2_00003,2025-04-05_16-20-40,4.275802135467529,658.723379611969,34234,MacBook-Pro-8,127.0.0.1,658.723379611969,170
0.08436803782878574,0.7566765578635015,1743862844,,False,171,233a2_00003,2025-04-05_16-20-44,4.2354748249053955,662.9588544368744,34234,MacBook-Pro-8,127.0.0.1,662.9588544368744,171
0.0841436013362782,0.7596439169139466,1743862848,,False,172,233a2_00003,2025-04-05_16-20-48,4.2337119579315186,667.1925663948059,34234,MacBook-Pro-8,127.0.0.1,667.1925663948059,172
0.09037408266530567,0.7477744807121661,1743862852,,False,173,233a2_00003,2025-04-05_16-20-52,4.236645936965942,671.4292123317719,34234,MacBook-Pro-8,127.0.0.1,671.4292123317719,173
0.08159656617736313,0.7537091988130564,1743862857,,False,174,233a2_00003,2025-04-05_16-20-57,4.269263982772827,675.6984763145447,34234,MacBook-Pro-8,127.0.0.1,675.6984763145447,174
0.08456833958409207,0.7655786350148368,1743862861,,False,175,233a2_00003,2025-04-05_16-21-01,4.239639759063721,679.9381160736084,34234,MacBook-Pro-8,127.0.0.1,679.9381160736084,175
0.08576420162869401,0.7744807121661721,1743862865,,False,176,233a2_00003,2025-04-05_16-21-05,4.242528200149536,684.1806442737579,34234,MacBook-Pro-8,127.0.0.1,684.1806442737579,176
0.08289916853983562,0.7507418397626113,1743862869,,False,177,233a2_00003,2025-04-05_16-21-09,4.241469144821167,688.4221134185791,34234,MacBook-Pro-8,127.0.0.1,688.4221134185791,177
0.07738463673740625,0.7537091988130564,1743862874,,False,178,233a2_00003,2025-04-05_16-21-14,4.261581182479858,692.683694601059,34234,MacBook-Pro-8,127.0.0.1,692.683694601059,178
0.08745583380724109,0.7329376854599406,1743862878,,False,179,233a2_00003,2025-04-05_16-21-18,4.2432239055633545,696.9269185066223,34234,MacBook-Pro-8,127.0.0.1,696.9269185066223,179
0.07809227564220511,0.7596439169139466,1743862882,,False,180,233a2_00003,2025-04-05_16-21-22,4.243803024291992,701.1707215309143,34234,MacBook-Pro-8,127.0.0.1,701.1707215309143,180
0.08089903291574745,0.7596439169139466,1743862886,,False,181,233a2_00003,2025-04-05_16-21-26,4.282800197601318,705.4535217285156,34234,MacBook-Pro-8,127.0.0.1,705.4535217285156,181
0.07816158306546682,0.7744807121661721,1743862891,,False,182,233a2_00003,2025-04-05_16-21-31,4.247882843017578,709.7014045715332,34234,MacBook-Pro-8,127.0.0.1,709.7014045715332,182
0.08346622730713597,0.7655786350148368,1743862895,,False,183,233a2_00003,2025-04-05_16-21-35,4.244308948516846,713.94571352005,34234,MacBook-Pro-8,127.0.0.1,713.94571352005,183
0.0821259295795286,0.7655786350148368,1743862899,,False,184,233a2_00003,2025-04-05_16-21-39,4.251396179199219,718.1971096992493,34234,MacBook-Pro-8,127.0.0.1,718.1971096992493,184
0.08142568566836417,0.7626112759643917,1743862903,,False,185,233a2_00003,2025-04-05_16-21-43,4.262164115905762,722.459273815155,34234,MacBook-Pro-8,127.0.0.1,722.459273815155,185
0.08206935321132458,0.7566765578635015,1743862908,,False,186,233a2_00003,2025-04-05_16-21-48,4.236655950546265,726.6959297657013,34234,MacBook-Pro-8,127.0.0.1,726.6959297657013,186
0.08315915866689973,0.771513353115727,1743862912,,False,187,233a2_00003,2025-04-05_16-21-52,4.238576173782349,730.9345059394836,34234,MacBook-Pro-8,127.0.0.1,730.9345059394836,187
0.08111646647976581,0.7596439169139466,1743862916,,False,188,233a2_00003,2025-04-05_16-21-56,4.236881732940674,735.1713876724243,34234,MacBook-Pro-8,127.0.0.1,735.1713876724243,188
0.08201447118420241,0.7477744807121661,1743862920,,False,189,233a2_00003,2025-04-05_16-22-00,4.265486001968384,739.4368736743927,34234,MacBook-Pro-8,127.0.0.1,739.4368736743927,189
0.08798103251082953,0.7774480712166172,1743862925,,False,190,233a2_00003,2025-04-05_16-22-05,4.247177839279175,743.6840515136719,34234,MacBook-Pro-8,127.0.0.1,743.6840515136719,190
0.09482546852425087,0.7270029673590505,1743862929,,False,191,233a2_00003,2025-04-05_16-22-09,4.236095905303955,747.9201474189758,34234,MacBook-Pro-8,127.0.0.1,747.9201474189758,191
0.07898727505532809,0.7655786350148368,1743862933,,False,192,233a2_00003,2025-04-05_16-22-13,4.241702079772949,752.1618494987488,34234,MacBook-Pro-8,127.0.0.1,752.1618494987488,192
0.08298795753656778,0.7507418397626113,1743862937,,False,193,233a2_00003,2025-04-05_16-22-17,4.272676229476929,756.4345257282257,34234,MacBook-Pro-8,127.0.0.1,756.4345257282257,193
0.08566630774632443,0.7418397626112759,1743862942,,False,194,233a2_00003,2025-04-05_16-22-22,4.254511833190918,760.6890375614166,34234,MacBook-Pro-8,127.0.0.1,760.6890375614166,194
0.08202439791869459,0.7626112759643917,1743862946,,False,195,233a2_00003,2025-04-05_16-22-26,4.223200082778931,764.9122376441956,34234,MacBook-Pro-8,127.0.0.1,764.9122376441956,195
0.08236944579335233,0.771513353115727,1743862950,,False,196,233a2_00003,2025-04-05_16-22-30,4.271895170211792,769.1841328144073,34234,MacBook-Pro-8,127.0.0.1,769.1841328144073,196
0.0831873474485609,0.7596439169139466,1743862954,,False,197,233a2_00003,2025-04-05_16-22-34,4.266980886459351,773.4511137008667,34234,MacBook-Pro-8,127.0.0.1,773.4511137008667,197
0.0844814276409357,0.7566765578635015,1743862959,,False,198,233a2_00003,2025-04-05_16-22-39,4.246211051940918,777.6973247528076,34234,MacBook-Pro-8,127.0.0.1,777.6973247528076,198
0.0840426901853535,0.7566765578635015,1743862963,,False,199,233a2_00003,2025-04-05_16-22-43,4.245778322219849,781.9431030750275,34234,MacBook-Pro-8,127.0.0.1,781.9431030750275,199
0.08043523427358894,0.771513353115727,1743862967,,False,200,233a2_00003,2025-04-05_16-22-47,4.256295919418335,786.1993989944458,34234,MacBook-Pro-8,127.0.0.1,786.1993989944458,200
0.08176222681825937,0.771513353115727,1743862971,,False,201,233a2_00003,2025-04-05_16-22-51,4.26301383972168,790.4624128341675,34234,MacBook-Pro-8,127.0.0.1,790.4624128341675,201
0.08525325522519821,0.7507418397626113,1743862976,,False,202,233a2_00003,2025-04-05_16-22-56,4.230144739151001,794.6925575733185,34234,MacBook-Pro-8,127.0.0.1,794.6925575733185,202
0.08402068630337368,0.7566765578635015,1743862980,,False,203,233a2_00003,2025-04-05_16-23-00,4.246736764907837,798.9392943382263,34234,MacBook-Pro-8,127.0.0.1,798.9392943382263,203
0.08198186072932426,0.7655786350148368,1743862984,,False,204,233a2_00003,2025-04-05_16-23-04,4.273668050765991,803.2129623889923,34234,MacBook-Pro-8,127.0.0.1,803.2129623889923,204
0.08345170316914487,0.771513353115727,1743862988,,False,205,233a2_00003,2025-04-05_16-23-08,4.233656883239746,807.446619272232,34234,MacBook-Pro-8,127.0.0.1,807.446619272232,205
0.08176146627425454,0.7626112759643917,1743862993,,False,206,233a2_00003,2025-04-05_16-23-13,4.237411975860596,811.6840312480927,34234,MacBook-Pro-8,127.0.0.1,811.6840312480927,206
0.08094582061261632,0.7477744807121661,1743862997,,False,207,233a2_00003,2025-04-05_16-23-17,4.2628209590911865,815.9468522071838,34234,MacBook-Pro-8,127.0.0.1,815.9468522071838,207
0.08264050318123123,0.7537091988130564,1743863001,,False,208,233a2_00003,2025-04-05_16-23-21,4.272850036621094,820.2197022438049,34234,MacBook-Pro-8,127.0.0.1,820.2197022438049,208
0.08317964005847137,0.7685459940652819,1743863005,,False,209,233a2_00003,2025-04-05_16-23-25,4.253443002700806,824.4731452465057,34234,MacBook-Pro-8,127.0.0.1,824.4731452465057,209
0.0857229488414474,0.7626112759643917,1743863010,,False,210,233a2_00003,2025-04-05_16-23-30,4.241661071777344,828.7148063182831,34234,MacBook-Pro-8,127.0.0.1,828.7148063182831,210
0.08311153133941251,0.771513353115727,1743863014,,False,211,233a2_00003,2025-04-05_16-23-34,4.274796009063721,832.9896023273468,34234,MacBook-Pro-8,127.0.0.1,832.9896023273468,211
0.08081434673066576,0.7744807121661721,1743863018,,False,212,233a2_00003,2025-04-05_16-23-38,4.274988889694214,837.264591217041,34234,MacBook-Pro-8,127.0.0.1,837.264591217041,212
0.10548708478102548,0.7210682492581603,1743863022,,False,213,233a2_00003,2025-04-05_16-23-42,4.2332868576049805,841.497878074646,34234,MacBook-Pro-8,127.0.0.1,841.497878074646,213
0.08638231316581368,0.7626112759643917,1743863027,,False,214,233a2_00003,2025-04-05_16-23-47,4.258867979049683,845.7567460536957,34234,MacBook-Pro-8,127.0.0.1,845.7567460536957,214
0.08684569909129032,0.7537091988130564,1743863031,,False,215,233a2_00003,2025-04-05_16-23-51,4.276135206222534,850.0328812599182,34234,MacBook-Pro-8,127.0.0.1,850.0328812599182,215
0.08467924442185565,0.7626112759643917,1743863035,,False,216,233a2_00003,2025-04-05_16-23-55,4.2592408657073975,854.2921221256256,34234,MacBook-Pro-8,127.0.0.1,854.2921221256256,216
0.0862973070240493,0.7566765578635015,1743863039,,False,217,233a2_00003,2025-04-05_16-23-59,4.242848634719849,858.5349707603455,34234,MacBook-Pro-8,127.0.0.1,858.5349707603455,217
0.08333740350357148,0.7685459940652819,1743863044,,False,218,233a2_00003,2025-04-05_16-24-04,4.2446372509002686,862.7796080112457,34234,MacBook-Pro-8,127.0.0.1,862.7796080112457,218
0.0821633726564171,0.7685459940652819,1743863048,,False,219,233a2_00003,2025-04-05_16-24-08,4.261104106903076,867.0407121181488,34234,MacBook-Pro-8,127.0.0.1,867.0407121181488,219
0.08068092310324658,0.771513353115727,1743863052,,False,220,233a2_00003,2025-04-05_16-24-12,4.244182109832764,871.2848942279816,34234,MacBook-Pro-8,127.0.0.1,871.2848942279816,220
0.08622117835735946,0.7537091988130564,1743863056,,False,221,233a2_00003,2025-04-05_16-24-16,4.247988939285278,875.5328831672668,34234,MacBook-Pro-8,127.0.0.1,875.5328831672668,221
0.08118678623442213,0.7893175074183977,1743863061,,False,222,233a2_00003,2025-04-05_16-24-21,4.263858795166016,879.7967419624329,34234,MacBook-Pro-8,127.0.0.1,879.7967419624329,222
0.08576432591152572,0.771513353115727,1743863065,,False,223,233a2_00003,2025-04-05_16-24-25,4.276728868484497,884.0734708309174,34234,MacBook-Pro-8,127.0.0.1,884.0734708309174,223
0.08089781911816275,0.7744807121661721,1743863069,,False,224,233a2_00003,2025-04-05_16-24-29,4.248293876647949,888.3217647075653,34234,MacBook-Pro-8,127.0.0.1,888.3217647075653,224
0.08417959936872818,0.771513353115727,1743863074,,False,225,233a2_00003,2025-04-05_16-24-34,4.24298095703125,892.5647456645966,34234,MacBook-Pro-8,127.0.0.1,892.5647456645966,225
0.08520307095158239,0.771513353115727,1743863078,,False,226,233a2_00003,2025-04-05_16-24-38,4.2679548263549805,896.8327004909515,34234,MacBook-Pro-8,127.0.0.1,896.8327004909515,226
0.08647304561075776,0.7744807121661721,1743863082,,False,227,233a2_00003,2025-04-05_16-24-42,4.273326635360718,901.1060271263123,34234,MacBook-Pro-8,127.0.0.1,901.1060271263123,227
0.0846184107250274,0.7596439169139466,1743863086,,False,228,233a2_00003,2025-04-05_16-24-46,4.2498650550842285,905.3558921813965,34234,MacBook-Pro-8,127.0.0.1,905.3558921813965,228
0.08109846111755212,0.7626112759643917,1743863091,,False,229,233a2_00003,2025-04-05_16-24-51,4.241253137588501,909.597145318985,34234,MacBook-Pro-8,127.0.0.1,909.597145318985,229
0.0819983093208785,0.7685459940652819,1743863095,,False,230,233a2_00003,2025-04-05_16-24-55,4.277864933013916,913.8750102519989,34234,MacBook-Pro-8,127.0.0.1,913.8750102519989,230
0.08174178466677319,0.7804154302670623,1743863099,,False,231,233a2_00003,2025-04-05_16-24-59,4.267958879470825,918.1429691314697,34234,MacBook-Pro-8,127.0.0.1,918.1429691314697,231
0.0834050562942054,0.771513353115727,1743863103,,False,232,233a2_00003,2025-04-05_16-25-03,4.256820201873779,922.3997893333435,34234,MacBook-Pro-8,127.0.0.1,922.3997893333435,232
0.08316714783892208,0.7685459940652819,1743863108,,False,233,233a2_00003,2025-04-05_16-25-08,4.250226259231567,926.6500155925751,34234,MacBook-Pro-8,127.0.0.1,926.6500155925751,233
0.0875258524739725,0.7655786350148368,1743863112,,False,234,233a2_00003,2025-04-05_16-25-12,4.278877019882202,930.9288926124573,34234,MacBook-Pro-8,127.0.0.1,930.9288926124573,234
0.08975910748826167,0.7537091988130564,1743863116,,False,235,233a2_00003,2025-04-05_16-25-16,4.249022960662842,935.1779155731201,34234,MacBook-Pro-8,127.0.0.1,935.1779155731201,235
0.08275822510260569,0.771513353115727,1743863120,,False,236,233a2_00003,2025-04-05_16-25-20,4.231715202331543,939.4096307754517,34234,MacBook-Pro-8,127.0.0.1,939.4096307754517,236
0.08857169937407382,0.7596439169139466,1743863125,,False,237,233a2_00003,2025-04-05_16-25-25,4.25670313835144,943.6663339138031,34234,MacBook-Pro-8,127.0.0.1,943.6663339138031,237
0.08351908682650605,0.7804154302670623,1743863129,,False,238,233a2_00003,2025-04-05_16-25-29,4.2654829025268555,947.93181681633,34234,MacBook-Pro-8,127.0.0.1,947.93181681633,238
0.08462705080895576,0.7744807121661721,1743863133,,False,239,233a2_00003,2025-04-05_16-25-33,4.252238988876343,952.1840558052063,34234,MacBook-Pro-8,127.0.0.1,952.1840558052063,239
0.08367740097563973,0.771513353115727,1743863137,,False,240,233a2_00003,2025-04-05_16-25-37,4.241268873214722,956.425324678421,34234,MacBook-Pro-8,127.0.0.1,956.425324678421,240
0.08085839956089161,0.7655786350148368,1743863142,,False,241,233a2_00003,2025-04-05_16-25-42,4.246673822402954,960.671998500824,34234,MacBook-Pro-8,127.0.0.1,960.671998500824,241
0.0833983282331204,0.7804154302670623,1743863146,,False,242,233a2_00003,2025-04-05_16-25-46,4.275423049926758,964.9474215507507,34234,MacBook-Pro-8,127.0.0.1,964.9474215507507,242
0.08108514620446015,0.771513353115727,1743863150,,False,243,233a2_00003,2025-04-05_16-25-50,4.2420337200164795,969.1894552707672,34234,MacBook-Pro-8,127.0.0.1,969.1894552707672,243
0.08290885954413044,0.7685459940652819,1743863154,,False,244,233a2_00003,2025-04-05_16-25-54,4.246399164199829,973.435854434967,34234,MacBook-Pro-8,127.0.0.1,973.435854434967,244
0.08012805266175853,0.7804154302670623,1743863159,,False,245,233a2_00003,2025-04-05_16-25-59,4.271554946899414,977.7074093818665,34234,MacBook-Pro-8,127.0.0.1,977.7074093818665,245
0.0816336217062916,0.7626112759643917,1743863163,,False,246,233a2_00003,2025-04-05_16-26-03,4.276684045791626,981.9840934276581,34234,MacBook-Pro-8,127.0.0.1,981.9840934276581,246
0.08075413180970002,0.7774480712166172,1743863167,,False,247,233a2_00003,2025-04-05_16-26-07,4.239150762557983,986.2232441902161,34234,MacBook-Pro-8,127.0.0.1,986.2232441902161,247
0.08629527284633802,0.7626112759643917,1743863172,,False,248,233a2_00003,2025-04-05_16-26-12,4.252374887466431,990.4756190776825,34234,MacBook-Pro-8,127.0.0.1,990.4756190776825,248
0.07954295621751699,0.7744807121661721,1743863176,,False,249,233a2_00003,2025-04-05_16-26-16,4.2696921825408936,994.7453112602234,34234,MacBook-Pro-8,127.0.0.1,994.7453112602234,249
0.09280392907148358,0.771513353115727,1743863180,,True,250,233a2_00003,2025-04-05_16-26-20,4.260427951812744,999.0057392120361,34234,MacBook-Pro-8,127.0.0.1,999.0057392120361,250
